ProductID,ProductName,CategoryID
1,VXLOFhsOBIQajdqsVEUV,1
2,cXomxKMlhynfHfKgwmwK,2
3,oYYhzNfhqNRYsXOMVuFa,3
4,lszsyfvMJHfVxgZXpPMR,4
5,fASLASkeslBdeUelsyZq,5
6,ECwXmFj K QQlPYVkEUI,6
7,GutjLdvVsJRgIcCjOBYU,7
8,NyjCIcbTDIIHYTKpiUsz,8
9,ksiBsuTfQPFqLkwUSReO,9
10,iumfoZLvulxCJqyhqhbG,10
11,lwuiNNcxOroEMWPzvzhD,11
12,PXaWkdZiWgBm CGUOLKR,12
13,mWePqsVkOihMcYaGhAMa,13
14,hVLgafvANxqkcPGDlyGW,14
15,zwvCpUKwhXExUMSzzxEl,15
16,hlR wHslEgqHuyyoDdpA,16
17,WBFKiJUQVinEUtVKMnks,17
18,HJLphYzEUZNbGuZirGVw,18
19,DroKaYSwfONryMfDpGgX,19
20,GIXdJJqOSiPkMPHOhMoN,20
21,kNA JNSFUleggwkdsqkg,21
22,eZkhRhhwmSwFrMJGxnrl,22
23,QOgdUnDVP bjxPUSTqOl,23
24,ryVzvJPpsQszsHZJiJzF,24
25," iJZVMyKGHjnFpWwWzpD",25
26,MIMCLMObnCnWeUVRIZVx,26
27,tRRqFQUJqNMmDcTNhaRl,27
28,tKgIgoKeVpcohnbbGnbR,28
29,rqLumC AFnFTbUsHFeXy,29
30,TuFGaVaYffFHTHyIZmQP,30
31,wJPZcYVrHEUXLSLPlMif,31
32,DntyKZIvfbJVIRCNNqLe,32
33,TRlkVpLoYL ckYkQUxYe,33
34,vLirdaXwthtfdeFjLfeK,34
35,HfjOrbmOrWXeKbWSwOJe,35
36,AYUPlOvdeDJjIuXvQMhg,36
37," FqUBNaJsCKNPhlbagHc",37
38,YwQSx wg  HYI VoGvll,38
39,wwGIYtweGAaOqPopcqeM,39
40,tYDEuoHezqQRkfmEpJEk,40
41,VuDaNWhbQjVIIzmmxNCW,41
42,jULUVDuXgVKgS QZeXZi,42
43,kEcAGaywXPCZuDiWkHjF,43
44,pdpZFhorXZXkpzEoyiuD,44
45,eFcvTHHtwedlOuVmUQ O,45
46,YPrIISljQJXGohnxsVGs,46
47,ZcjEmXrqnJXAwJ MQkbZ,47
48,rRaGfqaUr xhwMhMcRCJ,48
49,xEVDyYC SejrLpNsQkzo,49
50,JfQLYYfZUgQVqkmwhpmQ,50
51,TSeqwthHHaYNyLugiaGA,51
52,xaUoqBXNubObIcgQQuzB,52
53,XJelgbQUyzyIbXHpyVQn,53
54,HtyVTtXnqSPgrQBFFFWO,54
55,IMhFUNTFDUPXZpAAqFUq,55
56,erKhklgaq GgqoiYrXrm,56
57,hkmMkgEQkUiVtQYTGSFB,57
58,VWKuypvPysdEjEza ZJQ,58
59,AWnrsiDIvckFvRccGnFz,59
60,LgAzcexbwEJeYNoIMYwp,60
61,"raRPRQGHjMIrQ ttHHi ",61
62,mTGqfznWMDGCKIRjYMhc,62
63,WDQk JIkVKQgzEfbzzib,63
64,CivQiMZaIMIatChfJmwu,64
65,yAmPKOP WxIAEIFuiSkJ,65
66,QmlMCmWGRHzwpMpzHh t,66
67,ftNqLgGIUALDduEgeazV,67
68,uafjMDPdluNlqYlnbTdO,68
69,vFdqFCozmEiZjvGpBsxO,69
70,NpuVwpbzSWbLQDiWmHkK,70
71,JArSMohDUETrTJKWaHyh,71
72,EFXxAFqql PmEylWtSuN,72
73,KGfBbgmupKAslytZQNOA,73
74,GJsDQiscNKwoSC zOpGP,74
75,KhVOaDtAGMUEIvMvTjnN,75
76,"CCEbDWDTqFmNfbxrxmJ ",76
77,MLRwUCuqeOVkyFAjcbcT,77
78," sdvbY pwPRveggAnHaR",78
79,gULbHAmXztHJRqKQAmEI,79
80,ajoBaER C ENmyxbEDwR,80
81,vJAXRIxGXPQCNcjhRVXM,81
82,iPA NcOrpQRuSyverVGu,82
83,VpDuDQZymBfJRbcmMHIA,83
84,ifrDcCCJxjMnEAPvrQNS,84
85,gGDx eTmjjywvhGulGHr,85
86,YFoQNhiXeXhMKFhLHZMl,86
87,LUaagxGqscwxRQwrltlB,87
88,zpcoQDRtleFv jNTFOxh,88
89," zhpYuMfcHvUnICpuRiu",89
90,jvdzaZ poqDKxrYPITyL,90
91,URhoPiryRDdXQUu cWBC,91
92,GqbfXSfZYzsJHArYKksZ,92
93,naqxmyzvkYuhhMciosQj,93
94,LbyRHbVfVVUksniBoHAL,94
95,"ZKVObltgAbMJWrernvy ",95
96,YXsqsguzEtMtUrNCLGfN,96
97,DfgbBsLhYZOQQttikGKt,97
98,pUVanYdfSJRkJZZidzHz,98
99,mXeUEtPHvfu aZGJxYwV,99
100,ZQiUFshiyUPcsrKjPHOW,100